[
    {
        "model": "books.Book",
        "pk": 1,
        "fields": {
            "rank": 1,
            "title": "Pride and Prejudice",
            "author": "Jane Austen",
            "year": 1813
        }
    },
    {
        "model": "books.Book",
        "pk": 2,
        "fields": {
            "rank": 2,
            "title": "To Kill a Mockingbird",
            "author": "Harper Lee",
            "year": 1960
        }
    },
    {
        "model": "books.Book",
        "pk": 3,
        "fields": {
            "rank": 3,
            "title": "The Great Gatsby",
            "author": "F. Scott Fitzgerald",
            "year": 1925
        }
    },
    {
        "model": "books.Book",
        "pk": 4,
        "fields": {
            "rank": 4,
            "title": "One Hundred Years of Solitude",
            "author": "Gabriel Garcia Marquez",
            "year": 1967
        }
    },
    {
        "model": "books.Book",
        "pk": 5,
        "fields": {
            "rank": 5,
            "title": "In Cold Blood",
            "author": "Truman Capote",
            "year": 1965
        }
    },
    {
        "model": "books.Book",
        "pk": 6,
        "fields": {
            "rank": 6,
            "title": "Wide Sargasso Sea",
            "author": "Jean Rhys",
            "year": 1966
        }
    },
    {
        "model": "books.Book",
        "pk": 7,
        "fields": {
            "rank": 7,
            "title": "Brave New World",
            "author": "Aldous Huxley",
            "year": 1932
        }
    },
    {
        "model": "books.Book",
        "pk": 8,
        "fields": {
            "rank": 8,
            "title": "I Capture The Castle",
            "author": "Dodie Smith",
            "year": 1948
        }
    },
    {
        "model": "books.Book",
        "pk": 9,
        "fields": {
            "rank": 9,
            "title": "Jane Eyre",
            "author": "Charlotte Bronte",
            "year": 1847
        }
    },
    {
        "model": "books.Book",
        "pk": 10,
        "fields": {
            "rank": 10,
            "title": "Crime and Punishment",
            "author": "Fyodor Dostoevsky",
            "year": 1866
        }
    }
]